Player,Pos,Age,G,3P,3PA,PTS,TRB,AST,threes_made,threes_trials
Luka Dončić,PG,24,70,284,744,2370,647,686,284,744
Shai Gilgeous-Alexander,PG,25,75,95,269,2254,415,465,95,269
Giannis Antetokounmpo,PF,29,73,34,124,2222,841,476,34,124
Jalen Brunson,PG,27,77,211,526,2212,278,519,211,526
Nikola Jokić,C,28,79,83,231,2085,976,708,83,231
Anthony Edwards,SG,22,79,190,532,2049,430,405,190,532
Kevin Durant,PF,35,75,168,407,2032,495,378,168,407
Jayson Tatum,PF,25,74,229,609,1987,601,364,229,609
De'Aaron Fox,PG,26,74,214,580,1966,340,418,214,580
Stephen Curry,PG,35,74,357,876,1956,330,379,357,876
DeMar DeRozan,SF,34,79,75,225,1897,340,421,75,225
Anthony Davis,C,30,76,29,107,1876,961,266,29,107
Devin Booker,PG,27,68,152,418,1841,308,472,152,418
LeBron James,PF,39,71,149,363,1822,518,589,149,363
Tyrese Maxey,PG,23,70,212,569,1816,258,433,212,569
Paolo Banchero,PF,21,80,119,351,1804,554,431,119,351
Damian Lillard,PG,33,73,220,622,1775,320,508,220,622
Dejounte Murray,SG,27,78,201,554,1753,416,502,201,554
Paul George,PF,33,74,243,588,1671,388,262,243,588
Kawhi Leonard,SF,32,68,140,336,1613,416,244,140,336
Jaylen Brown,SF,27,70,145,410,1610,387,249,145,410
Jalen Green,SG,21,82,201,605,1610,423,291,201,605
Mikal Bridges,SF,27,82,220,592,1606,372,299,220,592
Domantas Sabonis,C,27,82,33,87,1593,1120,673,33,87
Kyle Kuzma,PF,28,70,151,450,1553,464,296,151,450
Victor Wembanyama,C,20,71,128,394,1522,755,274,128,394
Coby White,PG,23,79,209,556,1509,358,405,209,556
Kyrie Irving,SG,31,58,173,421,1487,290,299,173,421
Jaren Jackson Jr.,C,24,66,117,366,1486,365,154,117,366
Cam Thomas,SG,22,66,144,396,1482,214,192,144,396
Donovan Mitchell,SG,27,55,182,494,1463,280,333,182,494
Collin Sexton,SG,25,78,128,325,1458,205,383,128,325
Miles Bridges,SF,25,69,157,450,1449,505,231,157,450
Franz Wagner,SF,22,72,94,334,1421,381,269,94,334
Cade Cunningham,PG,22,62,119,335,1405,268,464,119,335
Tyrese Haliburton,PG,23,69,195,535,1389,271,752,195,535
Trae Young,PG,25,54,175,469,1389,149,583,175,469
Klay Thompson,SF,33,77,268,692,1375,254,176,268,692
Nikola Vučević,C,33,76,92,313,1370,801,254,92,313
D'Angelo Russell,PG,27,76,226,545,1369,236,482,226,545
Bam Adebayo,C,26,71,15,42,1367,737,278,15,42
Chet Holmgren,C,21,82,129,349,1357,648,200,129,349
Jordan Poole,SG,24,78,184,564,1356,212,343,184,564
Michael Porter Jr.,SF,25,81,220,554,1356,565,122,220,554
Jalen Williams,PF,22,71,103,241,1355,282,322,103,241
Joel Embiid,C,29,39,54,139,1353,430,219,54,139
Karl-Anthony Towns,PF,28,62,136,327,1349,515,189,136,327
Bogdan Bogdanović,SG,31,79,240,641,1333,272,247,240,641
Brandon Ingram,SF,26,64,86,242,1332,324,363,86,242
Alperen Şengün,C,21,63,33,111,1331,589,312,33,111
Devin Vassell,SG,23,68,166,446,1323,261,277,166,446
CJ McCollum,PG,32,66,239,557,1322,286,305,239,557
Myles Turner,C,27,77,116,324,1313,533,100,116,324
Austin Reaves,SG,25,82,154,420,1300,352,450,154,420
Brandon Miller,SF,21,74,184,493,1279,315,175,184,493
Lauri Markkanen,PF,26,55,175,439,1278,449,110,175,439
Fred VanVleet,PG,29,73,227,586,1270,278,589,227,586
Donte DiVincenzo,SG,27,81,283,705,1259,297,216,283,705
Jamal Murray,PG,26,59,145,341,1250,242,384,145,341
Jimmy Butler,PF,34,60,60,145,1246,318,298,60,145
Tobias Harris,PF,31,70,91,258,1204,453,217,91,258
James Harden,PG,34,72,186,488,1192,369,614,186,488
Scottie Barnes,SG,22,60,101,296,1191,494,363,101,296
Jonathan Kuminga,PF,21,74,53,165,1188,355,163,53,165
Jaden Ivey,SG,21,77,124,369,1185,264,296,124,369
Keegan Murray,SF,23,77,183,511,1172,420,129,183,511
Kristaps Porziņģis,C,28,57,110,293,1145,409,115,110,293
Tim Hardaway Jr.,SF,31,79,211,597,1139,254,139,211,597
Jerami Grant,PF,29,54,111,276,1132,191,152,111,276
Bobby Portis,PF,28,82,100,246,1130,607,104,100,246
Malik Monk,SG,25,72,148,423,1110,212,370,148,423
Derrick White,SG,29,73,196,495,1107,310,377,196,495
Deni Avdija,SF,23,75,88,235,1102,540,286,88,235
Julius Randle,PF,29,46,76,244,1102,423,229,76,244
Naz Reid,PF,24,81,169,408,1090,423,106,169,408
Keldon Johnson,SF,24,69,127,367,1084,377,195,127,367
Corey Kispert,SF,24,80,184,480,1070,225,156,184,480
Norman Powell,SG,30,76,167,384,1056,195,82,167,384
Kelly Oubre Jr.,SF,28,68,101,325,1049,341,101,101,325
Jabari Smith Jr.,PF,20,76,138,380,1044,616,121,138,380
Anfernee Simons,SG,24,46,156,405,1039,167,255,156,405
Darius Garland,PG,24,57,132,356,1028,152,373,132,356
John Collins,PF,26,68,86,232,1027,575,77,86,232
Grayson Allen,SG,28,75,205,445,1014,295,227,205,445
Aaron Gordon,PF,28,73,40,138,1013,471,259,40,138
Jonas Valančiūnas,C,31,82,37,120,1002,721,173,37,120
Harrison Barnes,PF,31,82,149,385,1000,249,99,149,385
Desmond Bane,SG,25,42,137,360,997,185,230,137,360
Brook Lopez,C,35,79,148,404,990,409,127,148,404
Josh Giddey,SG,21,80,82,243,986,514,386,82,243
Keyonte George,PG,20,75,147,440,974,211,332,147,440
Gary Trent Jr.,SG,25,71,178,453,974,188,119,178,453
Bradley Beal,SG,30,53,101,235,964,232,265,101,235
Caris LeVert,SG,29,68,108,332,952,280,346,108,332
Jalen Suggs,SG,22,75,153,385,943,229,205,153,385
Jordan Clarkson,SG,31,55,91,309,942,188,277,91,309
Andrew Wiggins,SF,28,71,91,254,939,321,119,91,254
Cole Anthony,PG,23,81,93,275,937,311,236,93,275
Ayo Dosunmu,SG,24,76,119,295,924,216,242,119,295
Rui Hachimura,PF,25,68,98,232,923,294,81,98,232
Dillon Brooks,SF,28,72,133,370,915,246,119,133,370
Jalen Johnson,SF,22,56,71,200,896,488,203,71,200
De'Andre Hunter,SF,26,57,117,304,891,222,87,117,304
Malik Beasley,SG,27,79,224,542,889,290,108,224,542
Jaime Jaquez Jr.,SF,22,75,65,202,889,285,195,65,202
Aaron Nesmith,SF,24,72,140,334,877,275,108,140,334
Tyler Herro,SG,24,42,132,333,875,222,188,132,333
Duncan Robinson,SF,29,68,187,473,875,173,192,187,473
Mike Conley,PG,36,76,179,405,869,218,449,179,405
Scoot Henderson,PG,19,62,87,268,868,194,336,87,268
Moritz Wagner,C,26,80,38,115,868,347,96,38,115
Saddiq Bey,SF,24,63,113,358,863,411,92,113,358
Jeremy Sochan,PF,20,74,70,227,861,476,249,70,227
Luguentz Dort,SF,24,79,156,396,860,284,113,156,396
Jrue Holiday,PG,33,69,138,322,860,373,333,138,322
Bennedict Mathurin,SF,21,59,80,214,856,234,119,80,214
Max Strus,SF,27,70,168,479,853,338,283,168,479
Obi Toppin,PF,25,82,102,253,843,320,128,102,253
Trey Murphy III,SF,23,57,169,445,842,280,124,169,445
Herbert Jones,SF,25,76,114,273,837,272,199,114,273
Reggie Jackson,PG,33,82,102,284,833,155,308,102,284
Jusuf Nurkić,C,29,76,22,90,829,837,301,22,90
Khris Middleton,SF,32,55,94,247,828,257,292,94,247
Tyus Jones,PG,27,66,106,256,790,179,485,106,256
Payton Pritchard,PG,26,82,147,382,787,265,281,147,382
Evan Mobley,PF,22,50,22,59,785,468,160,22,59
Zach Collins,C,26,69,58,181,776,370,194,58,181
Cameron Johnson,PF,27,58,138,353,776,251,138,138,353
Tre Jones,PG,24,77,64,191,771,289,478,64,191
Georges Niang,PF,30,82,149,396,768,278,98,149,396
Kentavious Caldwell-Pope,SG,30,76,125,308,766,183,183,125,308
Josh Hart,SF,28,81,80,258,761,675,331,80,258
Jaden McDaniels,SF,23,72,86,255,757,224,101,86,255
Russell Westbrook,PG,35,68,42,154,754,343,306,42,154
Eric Gordon,SG,35,68,150,397,749,122,139,150,397
T.J. McConnell,PG,31,71,18,44,727,191,390,18,44
Alex Caruso,SG,29,71,136,333,715,273,247,136,333
Sam Hauser,SF,26,79,197,465,712,276,82,197,465
GG Jackson II,PF,19,48,102,286,699,196,59,102,286
Taurean Prince,PF,29,78,141,356,697,230,119,141,356
Malaki Branham,PG,20,75,93,268,690,148,156,93,268
Brandin Podziemski,SG,20,74,90,234,682,427,273,90,234
Terance Mann,SG,27,75,71,204,658,254,119,71,204
Derrick Jones Jr.,SF,26,76,82,239,657,250,75,82,239
Nickeil Alexander-Walker,SG,25,82,131,335,655,167,204,131,335
Kevin Huerter,SG,25,64,123,341,655,224,166,123,341
Santi Aldama,PF,23,61,106,304,654,352,138,106,304
Isaac Okoro,SF,23,69,84,215,647,206,132,84,215
Caleb Martin,SF,28,64,81,232,640,281,143,81,232
Jabari Walker,SF,21,72,41,139,638,508,71,41,139
Isaiah Joe,SG,24,78,147,353,636,180,99,147,353
Andrew Nembhard,PG,24,68,61,171,626,141,280,61,171
Duop Reath,C,27,68,88,245,617,250,67,88,245
Malcolm Brogdon,PG,31,39,82,199,613,148,214,82,199
Wendell Carter Jr.,C,24,55,64,171,603,381,95,64,171
Jalen Smith,C,23,61,61,144,601,337,63,61,144
Christian Braun,SG,22,82,63,164,600,306,132,63,164
Paul Reed,C,24,82,21,57,600,488,109,21,57
Amen Thompson,SF,21,62,8,58,592,409,163,8,58
Marcus Sasser,PG,23,71,90,240,586,125,236,90,240
Dorian Finney-Smith,PF,30,68,117,336,580,317,107,117,336
Cam Whitmore,SF,19,47,79,220,579,180,33,79,220
Lonnie Walker IV,SG,25,58,104,271,565,127,74,104,271
Al Horford,C,37,65,108,258,562,413,168,108,258
Miles McBride,PG,23,68,109,266,562,100,114,109,266
Onyeka Okongwu,C,23,55,23,69,561,376,74,23,69
Cason Wallace,SG,20,82,98,234,561,187,120,98,234
Ausar Thompson,SF,21,63,21,113,556,402,120,21,113
Aaron Wiggins,SG,25,78,62,126,542,186,86,62,126
Moses Moody,SG,21,66,72,200,533,196,57,72,200
Chris Paul,PG,38,58,78,210,533,225,393,78,210
Bilal Coulibaly,SF,19,63,64,185,532,256,110,64,185
Peyton Watson,SF,21,80,45,152,532,258,86,45,152
Jaden Hardy,SG,21,73,81,224,530,131,109,81,224
Toumani Camara,PF,23,70,58,172,527,343,87,58,172
LaMelo Ball,PG,22,22,70,197,526,113,176,70,197
Jordan Hawkins,SG,21,67,109,298,524,148,70,109,298
Vince Williams Jr.,SG,23,52,79,209,521,290,175,79,209
Talen Horton-Tucker,PG,23,51,60,182,516,121,177,60,182
Dario Šarić,C,29,64,74,197,515,283,144,74,197
Aaron Holiday,PG,27,78,84,217,514,123,140,84,217
Gradey Dick,SG,20,60,88,241,510,132,68,88,241
Shaedon Sharpe,SG,20,32,60,180,510,160,94,60,180
Jeff Green,PF,37,78,53,160,509,178,70,53,160
Kyle Anderson,PF,30,79,11,48,506,273,331,11,48
Julian Champagnie,SF,22,74,101,277,504,206,103,101,277
Isaiah Stewart,PF,22,46,67,175,503,305,73,67,175
Cedi Osman,SF,28,72,86,221,489,180,119,86,221
Zach LaVine,SG,28,25,59,169,487,129,98,59,169
Kevin Love,PF,35,55,84,244,485,338,115,84,244
Sam Merrill,SG,27,61,143,354,485,120,108,143,354
Draymond Green,PF,33,55,51,129,475,398,332,51,129
Josh Green,SG,23,57,72,187,469,184,130,72,187
Naji Marshall,SF,26,66,58,150,466,240,128,58,150
Amir Coffey,SF,26,70,70,184,463,148,76,70,184
Trendon Watford,PF,23,63,27,68,432,194,81,27,68
Luke Kennard,SG,27,39,107,238,429,113,136,107,238
Patrick Williams,PF,22,43,59,148,429,166,66,59,148
Pat Connaughton,SF,31,76,82,238,428,239,161,82,238
Dante Exum,PG,28,55,53,108,428,149,157,53,108
Josh Richardson,SG,30,43,66,190,425,121,105,66,190
De'Anthony Melton,SG,25,38,77,214,421,141,114,77,214
Ziaire Williams,SF,22,51,58,189,420,180,75,58,189
Trey Lyles,PF,28,58,84,219,419,257,72,84,219
Haywood Highsmith,PF,27,66,76,192,405,210,70,76,192
Jose Alvarado,PG,25,56,78,207,397,128,117,78,207
Jonathan Isaac,PF,26,58,42,112,393,260,30,42,112
Jake LaRavia,PF,22,35,53,156,379,128,58,53,156
Davion Mitchell,PG,25,72,57,158,379,95,134,57,158
Kris Murray,SF,23,62,49,183,376,224,80,49,183
Gary Harris,SG,29,54,76,205,372,91,87,76,205
Dennis Smith Jr.,PG,26,56,32,109,369,164,203,32,109
Jevon Carter,PG,28,72,77,234,357,60,94,77,234
Kris Dunn,PG,29,66,41,111,357,189,254,41,111
Dyson Daniels,PG,20,61,42,135,354,236,164,42,135
Matisse Thybulle,SF,26,65,80,231,354,136,90,80,231
Nikola Jović,PF,20,46,65,163,352,192,90,65,163
Larry Nance Jr.,C,31,61,27,65,350,307,113,27,65
Christian Wood,PF,28,50,35,114,347,254,49,35,114
Landry Shamet,SG,26,46,53,157,327,62,54,53,157
Garrison Mathews,SG,27,66,85,193,325,92,37,85,193
Kenrich Williams,PF,29,69,56,141,325,209,93,56,141
Chris Boucher,PF,31,50,31,94,322,207,23,31,94
Anthony Black,PG,20,69,37,94,316,139,91,37,94
Jae Crowder,PF,33,50,58,166,312,161,66,58,166
Keon Ellis,SG,24,57,70,168,310,124,85,70,168
Torrey Craig,SF,33,53,60,153,303,217,58,60,153
Bryce McGowens,SG,21,59,34,102,302,102,51,34,102
Nick Smith Jr.,SG,19,51,63,146,302,72,59,63,146
Joe Ingles,SF,36,68,70,161,296,142,203,70,161
Taylor Hendricks,PF,20,40,53,140,292,185,32,53,140
Dean Wade,PF,27,54,79,202,291,218,43,79,202
Killian Hayes,PG,22,42,22,74,289,119,205,22,74
Marcus Smart,PG,29,20,42,134,289,53,86,42,134
Craig Porter Jr.,PG,23,51,12,34,285,109,118,12,34
Max Christie,SG,20,67,42,118,284,142,60,42,118
Josh Okogie,SG,25,60,29,94,277,154,64,29,94
Jaylin Williams,C,21,69,53,144,276,234,110,53,144
Jock Landale,C,28,56,10,40,274,172,65,10,40
Scotty Pippen Jr.,PG,23,21,30,72,271,67,98,30,72
Blake Wesley,SG,20,61,12,55,268,94,166,12,55
Jae'Sean Tate,SF,28,65,23,77,265,197,64,23,77
Cam Reddish,SF,24,48,37,110,260,99,48,37,110
Bones Hyland,PG,23,37,44,135,256,55,93,44,135
Mo Bamba,C,25,57,25,64,253,238,41,25,64
Caleb Houstan,SF,21,59,72,193,253,84,29,72,193
A.J. Green,SG,24,56,69,169,252,64,30,69,169
Ben Sheppard,SG,22,57,49,156,252,89,53,49,156
Jared Butler,SG,23,40,24,78,251,58,126,24,78
Brice Sensabaugh,SF,20,32,34,115,241,102,55,34,115
Gary Payton II,SG,31,44,20,55,240,113,48,20,55
John Konchar,SF,27,55,38,120,235,257,110,38,120
Justin Holiday,SG,34,58,55,136,234,71,67,55,136
Chris Duarte,SF,26,59,44,127,230,106,44,44,127
Julian Strawther,SF,21,50,41,138,227,61,47,41,138
Sasha Vezenkov,PF,28,42,45,120,225,96,19,45,120
Bol Bol,PF,24,43,22,52,223,137,17,22,52
Kevin Knox,SF,24,31,31,94,223,75,23,31,94
Tari Eason,PF,22,22,18,50,215,153,27,18,50
Jalen Wilson,PF,23,43,24,74,214,131,45,24,74
MarJon Beauchamp,SF,23,48,30,75,211,99,31,30,75
Cody Martin,SF,28,28,27,86,211,109,104,27,86
Eugene Omoruyi,SF,26,43,13,46,207,85,35,13,46
Oshae Brissett,SF,25,55,15,55,201,160,44,15,55
JT Thor,PF,21,63,28,81,199,146,29,28,81
Jordan McLaughlin,PG,27,56,42,89,195,72,110,42,89
Maxi Kleber,C,32,43,32,92,191,143,68,32,92
Derrick Rose,PG,35,24,15,41,191,45,78,15,41
Sandro Mamukelashvili,C,24,46,19,64,190,147,49,19,64
Anthony Gill,PF,31,50,10,41,189,94,34,10,41
Dalen Terry,SG,21,59,17,74,180,113,81,17,74
Luka Šamanić,PF,24,43,13,64,177,102,19,13,64
Ricky Council IV,SG,22,32,12,32,173,46,16,12,32
Jalen McDaniels,SF,26,50,12,71,169,79,37,12,71
Patrick Baldwin Jr.,SF,21,38,31,97,168,123,29,31,97
Brandon Boston Jr.,SF,22,32,14,52,167,52,13,14,52
Lester Quiñones,SG,23,37,32,88,164,72,36,32,88
Svi Mykhailiuk,SF,26,41,42,108,162,51,35,42,108
Rayan Rupert,SG,19,39,28,78,155,92,62,28,78
Javon Freeman-Liberty,PG,24,22,10,42,153,70,40,10,42
Johnny Davis,SG,21,50,14,40,152,72,32,14,40
Nassir Little,SF,23,45,21,70,152,75,21,21,70
Matt Ryan,SF,26,28,41,91,152,40,18,41,91
Danuel House Jr.,SF,30,34,15,50,144,58,28,15,50
Johnny Juzang,SG,22,20,32,77,144,36,23,32,77
Lindy Waters III,SG,26,38,37,85,137,40,24,37,85
A.J. Lawson,SG,23,42,13,50,136,50,20,13,50
Vit Krejci,PG,23,22,28,68,135,52,50,28,68
Noah Clowney,PF,19,23,12,33,133,81,18,12,33
Ousmane Dieng,PF,20,33,21,70,133,51,37,21,70
Stanley Umude,SG,24,24,24,53,127,51,11,24,53
Andre Jackson Jr.,SG,22,57,17,46,125,113,50,17,46
Olivier-Maxence Prosper,PF,21,40,13,45,121,79,22,13,45
Jarace Walker,PF,20,33,22,55,120,63,40,22,55
Jontay Porter,PF,24,26,20,60,115,82,60,20,60
Jeremiah Robinson-Earl,PF,23,39,13,39,115,76,21,13,39
Devonte' Graham,PG,28,23,25,83,114,36,49,25,83
Isaiah Livers,PF,25,23,22,77,114,48,25,22,77
Wesley Matthews,SG,37,36,24,69,110,53,23,24,69
Chuma Okeke,SF,25,47,23,82,107,80,20,23,82
Luka Garza,C,25,25,9,32,99,31,4,9,32
Jamal Cain,PF,24,26,11,31,97,37,10,11,31
Reggie Bullock,SF,32,44,27,67,96,73,15,27,67
Kessler Edwards,SF,23,54,20,52,93,42,15,20,52
Kobe Brown,PF,24,44,14,48,89,62,25,14,48
Julian Phillips,SF,20,40,12,38,89,36,13,12,38
Furkan Korkmaz,SG,26,35,14,40,88,30,25,14,40
Garrett Temple,SG,37,27,12,40,88,45,28,12,40
Collin Gillespie,PG,24,24,15,38,87,21,27,15,38
Onuralp Bitim,SG,24,23,12,44,80,32,13,12,44
Markieff Morris,PF,34,26,15,42,66,39,16,15,42
Cory Joseph,PG,32,26,13,42,63,30,42,13,42
Justin Minaya,SF,24,34,12,49,61,56,21,12,49
AJ Griffin,SF,20,20,10,39,48,18,5,10,39
